pid,description,start_time,end_time,duration_seconds,status,message
37980,scheduled task 032,1900-01-01T11:35:23,1900-01-01T11:35:56,33.0,OK,Job PID 37980 (scheduled task 032) took 0:00:33
57672,scheduled task 796,1900-01-01T11:36:11,1900-01-01T11:36:18,7.0,OK,Job PID 57672 (scheduled task 796) took 0:00:07
81258,background job wmy,1900-01-01T11:36:58,1900-01-01T11:51:44,886.0,ERROR,Job PID 81258 (background job wmy) took 0:14:46 [ERROR: >10 minutes]
45135,scheduled task 515,1900-01-01T11:37:14,1900-01-01T11:49:37,743.0,ERROR,Job PID 45135 (scheduled task 515) took 0:12:23 [ERROR: >10 minutes]
39547,scheduled task 051,1900-01-01T11:37:53,1900-01-01T11:49:22,689.0,ERROR,Job PID 39547 (scheduled task 051) took 0:11:29 [ERROR: >10 minutes]
10515,scheduled task 386,1900-01-01T11:38:33,1900-01-01T11:40:24,111.0,OK,Job PID 10515 (scheduled task 386) took 0:01:51
90812,background job dej,1900-01-01T11:39:26,1900-01-01T11:43:32,246.0,OK,Job PID 90812 (background job dej) took 0:04:06
23118,scheduled task 188,1900-01-01T11:40:49,1900-01-01T11:41:28,39.0,OK,Job PID 23118 (scheduled task 188) took 0:00:39
90962,scheduled task 996,1900-01-01T11:40:51,1900-01-01T11:42:46,115.0,OK,Job PID 90962 (scheduled task 996) took 0:01:55
60134,background job ulp,1900-01-01T11:41:11,1900-01-01T11:41:55,44.0,OK,Job PID 60134 (background job ulp) took 0:00:44
87228,scheduled task 268,1900-01-01T11:44:25,1900-01-01T11:53:53,568.0,WARNING,Job PID 87228 (scheduled task 268) took 0:09:28 [WARNING: >5 minutes]
70808,scheduled task 182,1900-01-01T11:44:43,1900-01-01T12:18:26,2023.0,ERROR,Job PID 70808 (scheduled task 182) took 0:33:43 [ERROR: >10 minutes]
47139,scheduled task 946,1900-01-01T11:44:56,1900-01-01T11:48:22,206.0,OK,Job PID 47139 (scheduled task 946) took 0:03:26
71766,scheduled task 074,1900-01-01T11:45:04,1900-01-01T11:50:51,347.0,WARNING,Job PID 71766 (scheduled task 074) took 0:05:47 [WARNING: >5 minutes]
75164,scheduled task 173,1900-01-01T11:45:47,1900-01-01T11:46:51,64.0,OK,Job PID 75164 (scheduled task 173) took 0:01:04
26831,scheduled task 538,1900-01-01T11:46:04,1900-01-01T11:48:16,132.0,OK,Job PID 26831 (scheduled task 538) took 0:02:12
36709,background job djw,1900-01-01T11:47:04,1900-01-01T11:47:54,50.0,OK,Job PID 36709 (background job djw) took 0:00:50
50295,scheduled task 811,1900-01-01T11:48:45,1900-01-01T11:55:20,395.0,WARNING,Job PID 50295 (scheduled task 811) took 0:06:35 [WARNING: >5 minutes]
32904,scheduled task 697,1900-01-01T11:49:12,1900-01-01T11:49:46,34.0,OK,Job PID 32904 (scheduled task 697) took 0:00:34
27222,scheduled task 294,1900-01-01T11:50:07,1900-01-01T11:56:15,368.0,WARNING,Job PID 27222 (scheduled task 294) took 0:06:08 [WARNING: >5 minutes]
38579,background job you,1900-01-01T11:50:09,1900-01-01T11:53:42,213.0,OK,Job PID 38579 (background job you) took 0:03:33
32674,scheduled task 626,1900-01-01T11:51:06,1900-01-01T11:52:32,86.0,OK,Job PID 32674 (scheduled task 626) took 0:01:26
24799,scheduled task 536,1900-01-01T11:51:21,1900-01-01T11:51:28,7.0,OK,Job PID 24799 (scheduled task 536) took 0:00:07
33528,scheduled task 706,1900-01-01T11:52:47,1900-01-01T11:56:09,202.0,OK,Job PID 33528 (scheduled task 706) took 0:03:22
39860,scheduled task 460,1900-01-01T11:53:17,1900-01-01T12:13:09,1192.0,ERROR,Job PID 39860 (scheduled task 460) took 0:19:52 [ERROR: >10 minutes]
87570,scheduled task 794,1900-01-01T11:53:57,1900-01-01T12:01:50,473.0,WARNING,Job PID 87570 (scheduled task 794) took 0:07:53 [WARNING: >5 minutes]
55722,background job cmx,1900-01-01T11:54:56,1900-01-01T11:55:43,47.0,OK,Job PID 55722 (background job cmx) took 0:00:47
85742,scheduled task 064,1900-01-01T11:55:16,1900-01-01T12:07:33,737.0,ERROR,Job PID 85742 (scheduled task 064) took 0:12:17 [ERROR: >10 minutes]
22003,scheduled task 004,1900-01-01T11:55:29,1900-01-01T12:06:42,673.0,ERROR,Job PID 22003 (scheduled task 004) took 0:11:13 [ERROR: >10 minutes]
64591,scheduled task 521,1900-01-01T11:57:05,1900-01-01T11:58:55,110.0,OK,Job PID 64591 (scheduled task 521) took 0:01:50
99672,background job sqm,1900-01-01T11:57:08,1900-01-01T12:02:21,313.0,WARNING,Job PID 99672 (background job sqm) took 0:05:13 [WARNING: >5 minutes]
67833,scheduled task 080,1900-01-01T11:57:16,1900-01-01T12:00:51,215.0,OK,Job PID 67833 (scheduled task 080) took 0:03:35
96183,scheduled task 678,1900-01-01T11:58:12,1900-01-01T12:02:26,254.0,OK,Job PID 96183 (scheduled task 678) took 0:04:14
86716,background job xfg,1900-01-01T11:59:29,1900-01-01T12:05:03,334.0,WARNING,Job PID 86716 (background job xfg) took 0:05:34 [WARNING: >5 minutes]
34189,scheduled task 920,1900-01-01T11:59:43,1900-01-01T12:03:02,199.0,OK,Job PID 34189 (scheduled task 920) took 0:03:19
52532,background job tqc,1900-01-01T12:00:03,1900-01-01T12:13:56,833.0,ERROR,Job PID 52532 (background job tqc) took 0:13:53 [ERROR: >10 minutes]
16168,scheduled task 773,1900-01-01T12:02:39,1900-01-01T12:02:55,16.0,OK,Job PID 16168 (scheduled task 773) took 0:00:16
72029,scheduled task 333,1900-01-01T12:03:20,,,INCOMPLETE,Incomplete job for PID 72029 (scheduled task 333)
98746,scheduled task 746,1900-01-01T12:04:18,1900-01-01T12:11:35,437.0,WARNING,Job PID 98746 (scheduled task 746) took 0:07:17 [WARNING: >5 minutes]
23703,scheduled task 374,1900-01-01T12:04:57,1900-01-01T12:18:23,806.0,ERROR,Job PID 23703 (scheduled task 374) took 0:13:26 [ERROR: >10 minutes]
62401,scheduled task 936,1900-01-01T12:05:59,1900-01-01T12:16:23,624.0,ERROR,Job PID 62401 (scheduled task 936) took 0:10:24 [ERROR: >10 minutes]
81470,background job wiy,1900-01-01T12:08:30,1900-01-01T12:09:33,63.0,OK,Job PID 81470 (background job wiy) took 0:01:03
24482,scheduled task 672,1900-01-01T12:10:38,1900-01-01T12:19:14,516.0,WARNING,Job PID 24482 (scheduled task 672) took 0:08:36 [WARNING: >5 minutes]
72897,scheduled task 016,1900-01-01T12:12:27,,,INCOMPLETE,Incomplete job for PID 72897 (scheduled task 016)
62922,scheduled task 531,1900-01-01T12:14:20,1900-01-01T12:15:09,49.0,OK,Job PID 62922 (scheduled task 531) took 0:00:49
